place_id,logainm_id,name_en,place_type,parent_name,parent_id,parent_type,ded_name,ded_id,county_name,county_id,barony_name,barony_id,civil_parish_name,civil_parish_id,latitude,longitude,logainm_url,notes
1,52,Tirhugh,unknown,Tirhugh,52,unknown,,,Donegal,100013,,,,,54.58361261703818,-8.040846542267106,https://www.logainm.ie/en/52,
2,13773,Ardeelan Lower,townland,Tirhugh,52,unknown,Ballintra (Ballyshannon),1372410,Donegal,100013,Tirhugh,52,Drumhome,785,54.549759957199434,-8.202711065684657,https://www.logainm.ie/en/13773,
3,13774,Ardeelan Upper,townland,Tirhugh,52,unknown,Ballintra (Ballyshannon),1372410,Donegal,100013,Tirhugh,52,Drumhome,785,54.5454542685099,-8.193916590648872,https://www.logainm.ie/en/13774,
4,13775,Ardnagalliagh,townland,Tirhugh,52,unknown,Ballintra (Ballyshannon),1372410,Donegal,100013,Tirhugh,52,Drumhome,785,54.58134416143405,-8.145102162847216,https://www.logainm.ie/en/13775,
5,13776,Ballintra,townland,Tirhugh,52,unknown,Ballintra (Ballyshannon),1372410,Donegal,100013,Tirhugh,52,Drumhome,785,54.57778005846506,-8.127613884391014,https://www.logainm.ie/en/13776,
6,13777,Ballymagrorty Irish,townland,Tirhugh,52,unknown,Ballintra (Ballyshannon),1372410,Donegal,100013,Tirhugh,52,Drumhome,785,54.557056009127756,-8.142146430888037,https://www.logainm.ie/en/13777,
7,13778,Ballymagrorty Scotch,townland,Tirhugh,52,unknown,Ballintra (Ballyshannon),1372410,Donegal,100013,Tirhugh,52,Drumhome,785,54.56491408736678,-8.135974244342835,https://www.logainm.ie/en/13778,
8,13779,Ballynacarrick,townland,Tirhugh,52,unknown,Ballintra (Ballyshannon),1372410,Donegal,100013,Tirhugh,52,Drumhome,785,54.56872412958808,-8.118110018900795,https://www.logainm.ie/en/13779,
9,13780,Birra,townland,Tirhugh,52,unknown,Ballintra (Ballyshannon),1372410,Donegal,100013,Tirhugh,52,Drumhome,785,54.569906574567575,-8.177562254347318,https://www.logainm.ie/en/13780,
10,13781,Dromore,townland,Tirhugh,52,unknown,Ballintra (Ballyshannon),1372410,Donegal,100013,Tirhugh,52,Drumhome,785,54.57303457157477,-8.156790619968168,https://www.logainm.ie/en/13781,
11,13782,Drumhome,townland,Tirhugh,52,unknown,Ballintra (Ballyshannon),1372410,Donegal,100013,Tirhugh,52,Drumhome,785,54.57879533922003,-8.174260167389585,https://www.logainm.ie/en/13782,
12,13783,Drumoske,townland,Tirhugh,52,unknown,Ballintra (Ballyshannon),1372410,Donegal,100013,Tirhugh,52,Drumhome,785,54.581739543103126,-8.152374451131871,https://www.logainm.ie/en/13783,
13,13784,Durnesh,townland,Tirhugh,52,unknown,Ballintra (Ballyshannon),1372410,Donegal,100013,Tirhugh,52,Drumhome,785,54.56940094491125,-8.195680650322434,https://www.logainm.ie/en/13784,
14,13785,Foyagh,townland,Tirhugh,52,unknown,Ballintra (Ballyshannon),1372410,Donegal,100013,Tirhugh,52,Drumhome,785,54.5685636324806,-8.169332982470232,https://www.logainm.ie/en/13785,
15,13786,Glasbolie,townland,Tirhugh,52,unknown,Ballintra (Ballyshannon),1372410,Donegal,100013,Tirhugh,52,Drumhome,785,54.55467688030981,-8.153731524456818,https://www.logainm.ie/en/13786,
16,13787,Grahamstown,townland,Tirhugh,52,unknown,Ballintra (Ballyshannon),1372410,Donegal,100013,Tirhugh,52,Drumhome,785,54.5845516835914,-8.136487387550032,https://www.logainm.ie/en/13787,
17,13788,Inishfad,townland,Tirhugh,52,unknown,Ballintra (Ballyshannon),1372410,Donegal,100013,Tirhugh,52,Drumhome,785,54.58186285546948,-8.186381932407217,https://www.logainm.ie/en/13788,
18,13789,Inishinny,townland,Tirhugh,52,unknown,Ballintra (Ballyshannon),1372410,Donegal,100013,Tirhugh,52,Drumhome,785,54.5770431295609,-8.19213699249026,https://www.logainm.ie/en/13789,
19,13790,Killinangel Beg,townland,Tirhugh,52,unknown,Ballintra (Ballyshannon),1372410,Donegal,100013,Tirhugh,52,Drumhome,785,54.55220874603583,-8.176864241167754,https://www.logainm.ie/en/13790,
20,13791,Killinangel More,townland,Tirhugh,52,unknown,Ballintra (Ballyshannon),1372410,Donegal,100013,Tirhugh,52,Drumhome,785,54.56084474431864,-8.17759229074166,https://www.logainm.ie/en/13791,
21,13792,Lacklom,townland,Tirhugh,52,unknown,Ballintra (Ballyshannon),1372410,Donegal,100013,Tirhugh,52,Drumhome,785,54.5856148826245,-8.156980467399011,https://www.logainm.ie/en/13792,
22,13793,Lurgan,townland,Tirhugh,52,unknown,Ballintra (Ballyshannon),1372410,Donegal,100013,Tirhugh,52,Drumhome,785,54.547842064735896,-8.159097397315136,https://www.logainm.ie/en/13793,
23,13794,Moneymore,townland,Tirhugh,52,unknown,Ballintra (Ballyshannon),1372410,Donegal,100013,Tirhugh,52,Drumhome,785,54.579184822548186,-8.136903875701593,https://www.logainm.ie/en/13794,
24,13795,Mullanacross,townland,Tirhugh,52,unknown,Ballintra (Ballyshannon),1372410,Donegal,100013,Tirhugh,52,Drumhome,785,54.59033677088989,-8.161796815928485,https://www.logainm.ie/en/13795,
25,13796,Rathfragan,townland,Tirhugh,52,unknown,Ballintra (Ballyshannon),1372410,Donegal,100013,Tirhugh,52,Drumhome,785,54.56194444574826,-8.188224442011398,https://www.logainm.ie/en/13796,
26,13797,Rosscanlan,townland,Tirhugh,52,unknown,Ballintra (Ballyshannon),1372410,Donegal,100013,Tirhugh,52,Drumhome,785,54.58205137985456,-8.128743854390105,https://www.logainm.ie/en/13797,
27,13798,Rossnowlagh Lower,townland,Tirhugh,52,unknown,Ballintra (Ballyshannon),1372410,Donegal,100013,Tirhugh,52,Drumhome,785,54.56935638898835,-8.207032700598697,https://www.logainm.ie/en/13798,
28,13799,Rossnowlagh Upper or Crockahany,townland,Tirhugh,52,unknown,Ballintra (Ballyshannon),1372410,Donegal,100013,Tirhugh,52,Drumhome,785,54.55359349751801,-8.193047822970213,https://www.logainm.ie/en/13799,
29,13800,Abbey Island,townland,Tirhugh,52,unknown,Ballyshannon Rural,1372415,Donegal,100013,Tirhugh,52,Kilbarron,794,54.509911222439555,-8.196174779771903,https://www.logainm.ie/en/13800,
30,13801,Abbeylands,townland,Tirhugh,52,unknown,Ballyshannon Rural,1372415,Donegal,100013,Tirhugh,52,Kilbarron,794,54.51180549321496,-8.204212910394386,https://www.logainm.ie/en/13801,
31,13802,Alla,townland,Tirhugh,52,unknown,Ballyshannon Rural,1372415,Donegal,100013,Tirhugh,52,Kilbarron,794,54.540844099449416,-8.170334053234642,https://www.logainm.ie/en/13802,
32,13803,Ballymacaward,townland,Tirhugh,52,unknown,Ballyshannon Rural,1372415,Donegal,100013,Tirhugh,52,Kilbarron,794,54.51322567273679,-8.23744750162738,https://www.logainm.ie/en/13803,
33,13804,Ballynaglogh,townland,Tirhugh,52,unknown,Ballyshannon Rural,1372415,Donegal,100013,Tirhugh,52,Kilbarron,794,54.52949191295727,-8.18398629793009,https://www.logainm.ie/en/13804,
34,13805,Behy,townland,Tirhugh,52,unknown,Ballyshannon Rural,1372415,Donegal,100013,Tirhugh,52,Kilbarron,794,54.51988022387901,-8.124453117568946,https://www.logainm.ie/en/13805,
35,13806,Camp,townland,Tirhugh,52,unknown,Ballyshannon Rural,1372415,Donegal,100013,Tirhugh,52,Kilbarron,794,54.504106669647086,-8.175665526062247,https://www.logainm.ie/en/13806,
36,13807,Cashel,townland,Tirhugh,52,unknown,Ballyshannon Rural,1372415,Donegal,100013,Tirhugh,52,Kilbarron,794,54.537280644330444,-8.18822091726837,https://www.logainm.ie/en/13807,
37,13808,Cashellackan,townland,Tirhugh,52,unknown,Ballyshannon Rural,1372415,Donegal,100013,Tirhugh,52,Kilbarron,794,54.52490509947246,-8.19952128257544,https://www.logainm.ie/en/13808,
38,13809,Cloghbolie,townland,Tirhugh,52,unknown,Ballyshannon Rural,1372415,Donegal,100013,Tirhugh,52,Kilbarron,794,54.53252413034356,-8.243973097483426,https://www.logainm.ie/en/13809,
39,13810,Cool Beg,townland,Tirhugh,52,unknown,Ballyshannon Rural,1372415,Donegal,100013,Tirhugh,52,Kilbarron,794,54.540993793372735,-8.215331364920328,https://www.logainm.ie/en/13810,
40,13811,Cool More,townland,Tirhugh,52,unknown,Ballyshannon Rural,1372415,Donegal,100013,Tirhugh,52,Kilbarron,794,54.54662514873189,-8.21373842387478,https://www.logainm.ie/en/13811,
41,13812,Coolcholly,townland,Tirhugh,52,unknown,Ballyshannon Rural,1372415,Donegal,100013,Tirhugh,52,Kilbarron,794,54.510724586257965,-8.170588279716286,https://www.logainm.ie/en/13812,
42,13813,Cow Park,townland,Tirhugh,52,unknown,Ballyshannon Rural,1372415,Donegal,100013,Tirhugh,52,Kilbarron,794,54.52043357696379,-8.207024640356932,https://www.logainm.ie/en/13813,
43,13814,Creevy,townland,Tirhugh,52,unknown,Ballyshannon Rural,1372415,Donegal,100013,Tirhugh,52,Kilbarron,794,54.526444323372914,-8.213703681752108,https://www.logainm.ie/en/13814,
44,13815,Crockacapple,townland,Tirhugh,52,unknown,Ballyshannon Rural,1372415,Donegal,100013,Tirhugh,52,Kilbarron,794,54.51365636903706,-8.185071739952607,https://www.logainm.ie/en/13815,
45,13816,Doobally,townland,Tirhugh,52,unknown,Ballyshannon Rural,1372415,Donegal,100013,Tirhugh,52,Kilbarron,794,54.505927311546266,-8.122399623740181,https://www.logainm.ie/en/13816,
46,13817,Kilbarron,townland,Tirhugh,52,unknown,Ballyshannon Rural,1372415,Donegal,100013,Tirhugh,52,Kilbarron,794,54.536217360812685,-8.227795817304798,https://www.logainm.ie/en/13817,
47,13818,Kildoney Glebe,townland,Tirhugh,52,unknown,Ballyshannon Rural,1372415,Donegal,100013,Tirhugh,52,Kilbarron,794,54.52421971338273,-8.254131240429437,https://www.logainm.ie/en/13818,
48,13819,Knader,townland,Tirhugh,52,unknown,Ballyshannon Rural,1372415,Donegal,100013,Tirhugh,52,Kilbarron,794,54.5032944345237,-8.144926842617258,https://www.logainm.ie/en/13819,
49,13820,Legaltan,townland,Tirhugh,52,unknown,Ballyshannon Rural,1372415,Donegal,100013,Tirhugh,52,Kilbarron,794,54.51837340479947,-8.191673580585745,https://www.logainm.ie/en/13820,
50,13821,Mullans,townland,Tirhugh,52,unknown,Ballyshannon Rural,1372415,Donegal,100013,Tirhugh,52,Kilbarron,794,54.49492255403463,-8.121873217133604,https://www.logainm.ie/en/13821,
51,13822,Parkhill,townland,Tirhugh,52,unknown,Ballyshannon Rural,1372415,Donegal,100013,Tirhugh,52,Kilbarron,794,54.518351562008725,-8.160876810398786,https://www.logainm.ie/en/13822,
52,13823,Rosscat,townland,Tirhugh,52,unknown,Ballyshannon Rural,1372415,Donegal,100013,Tirhugh,52,Kilbarron,794,54.546603998869806,-8.175020841378467,https://www.logainm.ie/en/13823,
53,13824,Sheegys,townland,Tirhugh,52,unknown,Ballyshannon Rural,1372415,Donegal,100013,Tirhugh,52,Kilbarron,794,54.51118224298142,-8.218174119135277,https://www.logainm.ie/en/13824,
54,13825,Spaddan,townland,Tirhugh,52,unknown,Ballyshannon Rural,1372415,Donegal,100013,Tirhugh,52,Kilbarron,794,54.52798905497892,-8.191096987316179,https://www.logainm.ie/en/13825,
55,13826,Tirconeen,townland,Tirhugh,52,unknown,Ballyshannon Rural,1372415,Donegal,100013,Tirhugh,52,Kilbarron,794,54.51273163896992,-8.196680290891274,https://www.logainm.ie/en/13826,
56,13827,Tonregee,townland,Tirhugh,52,unknown,Ballyshannon Rural,1372415,Donegal,100013,Tirhugh,52,Kilbarron,794,54.51720862490311,-8.212940521831126,https://www.logainm.ie/en/13827,
57,13828,Tullyhorky,townland,Tirhugh,52,unknown,Ballyshannon Rural,1372415,Donegal,100013,Tirhugh,52,Kilbarron,794,54.52188648598604,-8.150784085593255,https://www.logainm.ie/en/13828,
58,13829,Tullymore,townland,Tirhugh,52,unknown,Ballyshannon Rural,1372415,Donegal,100013,Tirhugh,52,Kilbarron,794,54.5248789372308,-8.175037900444076,https://www.logainm.ie/en/13829,
59,13831,Carrickboy,townland,Tirhugh,52,unknown,Ballyshannon Urban,1372416,Donegal,100013,Tirhugh,52,Inishmacsaint,792,54.496447108134014,-8.19657746759907,https://www.logainm.ie/en/13831,
60,13832,Inish Samer,townland,Tirhugh,52,unknown,Ballyshannon Urban,1372416,Donegal,100013,Tirhugh,52,Inishmacsaint,792,54.50073284109771,-8.199907676764711,https://www.logainm.ie/en/13832,
61,13833,Portnason,townland,Tirhugh,52,unknown,Ballyshannon Urban,1372416,Donegal,100013,Tirhugh,52,Inishmacsaint,792,54.49979711657119,-8.208815673633692,https://www.logainm.ie/en/13833,
62,13835,Townparks,townland,Tirhugh,52,unknown,Ballyshannon Urban,1372416,Donegal,100013,Tirhugh,52,Kilbarron,794,54.50361378510919,-8.192495665020216,https://www.logainm.ie/en/13835,
63,13836,Ardfarn,townland,Tirhugh,52,unknown,Bundoran Rural,1372422,Donegal,100013,Tirhugh,52,Inishmacsaint,792,54.47054268498313,-8.251622441316979,https://www.logainm.ie/en/13836,
64,13837,Ballymunterhiggin,townland,Tirhugh,52,unknown,Bundoran Rural,1372422,Donegal,100013,Tirhugh,52,Inishmacsaint,792,54.47524690589619,-8.189087801939484,https://www.logainm.ie/en/13837,
65,13840,Drumacrin,townland,Tirhugh,52,unknown,Bundoran Urban,1372423,Donegal,100013,Tirhugh,52,Inishmacsaint,792,54.47898448512115,-8.26151387473738,https://www.logainm.ie/en/13840,
66,13841,Dunmuckrum,townland,Tirhugh,52,unknown,Bundoran Urban,1372423,Donegal,100013,Tirhugh,52,Inishmacsaint,792,54.48365395945576,-8.211585868314433,https://www.logainm.ie/en/13841,
67,13842,Finner,townland,Tirhugh,52,unknown,Bundoran Urban,1372423,Donegal,100013,Tirhugh,52,Inishmacsaint,792,54.49320981547483,-8.250941852656235,https://www.logainm.ie/en/13842,
68,13843,Magheracar,townland,Tirhugh,52,unknown,Bundoran Urban,1372423,Donegal,100013,Tirhugh,52,Inishmacsaint,792,54.47307530863002,-8.293126164108315,https://www.logainm.ie/en/13843,
69,13844,Rathglass,townland,Tirhugh,52,unknown,Bundoran Rural,1372422,Donegal,100013,Tirhugh,52,Inishmacsaint,792,54.47269050174462,-8.233194947246071,https://www.logainm.ie/en/13844,
70,13845,Rathmore,townland,Tirhugh,52,unknown,Bundoran Rural,1372422,Donegal,100013,Tirhugh,52,Inishmacsaint,792,54.48226228716229,-8.222455396037894,https://www.logainm.ie/en/13845,
71,13846,Ardloughill,townland,Tirhugh,52,unknown,Carrickboy,1372427,Donegal,100013,Tirhugh,52,Inishmacsaint,792,54.476318684685005,-8.17306373827789,https://www.logainm.ie/en/13846,
72,13847,Ballyhanna,townland,Tirhugh,52,unknown,Carrickboy,1372427,Donegal,100013,Tirhugh,52,Inishmacsaint,792,54.49643079147378,-8.167353836508806,https://www.logainm.ie/en/13847,
73,13848,Ballynacarrick,townland,Tirhugh,52,unknown,Carrickboy,1372427,Donegal,100013,Tirhugh,52,Kilbarron,794,54.49182095244431,-8.183001564856195,https://www.logainm.ie/en/13848,
74,13849,Camlin,townland,Tirhugh,52,unknown,Carrickboy,1372427,Donegal,100013,Tirhugh,52,Kilbarron,794,54.48981006763343,-8.138752786125826,https://www.logainm.ie/en/13849,
75,13850,Cavan,townland,Tirhugh,52,unknown,Carrickboy,1372427,Donegal,100013,Tirhugh,52,Kilbarron,794,54.48472198052628,-8.180667754348626,https://www.logainm.ie/en/13850,
76,13851,Cherrymount,townland,Tirhugh,52,unknown,Carrickboy,1372427,Donegal,100013,Tirhugh,52,Kilbarron,794,54.489913267794634,-8.152213048066388,https://www.logainm.ie/en/13851,
77,13852,Cloghore,townland,Tirhugh,52,unknown,,,Donegal,100013,Tirhugh,52,Kilbarron,794,54.48334603199849,-8.104407090186598,https://www.logainm.ie/en/13852,
78,13853,Clontyseer,townland,Tirhugh,52,unknown,Carrickboy,1372427,Donegal,100013,Tirhugh,52,Kilbarron,794,54.478730380214685,-8.16005942172917,https://www.logainm.ie/en/13853,
79,13854,Drumnagroagh,townland,Tirhugh,52,unknown,Carrickboy,1372427,Donegal,100013,Tirhugh,52,Kilbarron,794,54.487256035518314,-8.171533578189047,https://www.logainm.ie/en/13854,
80,13855,Edenagor,townland,Tirhugh,52,unknown,Carrickboy,1372427,Donegal,100013,Tirhugh,52,Kilbarron,794,54.48763917770795,-8.122136121788813,https://www.logainm.ie/en/13855,
81,13856,Killeen,townland,Tirhugh,52,unknown,Carrickboy,1372427,Donegal,100013,Tirhugh,52,Kilbarron,794,54.48572104044598,-8.154830301844356,https://www.logainm.ie/en/13856,
82,13857,Knocknashangan,townland,Tirhugh,52,unknown,Carrickboy,1372427,Donegal,100013,Tirhugh,52,Kilbarron,794,54.47821423748289,-8.118124830260687,https://www.logainm.ie/en/13857,
83,13858,Legaloscran,townland,Tirhugh,52,unknown,Carrickboy,1372427,Donegal,100013,Tirhugh,52,Kilbarron,794,54.48452090465561,-8.188026399876529,https://www.logainm.ie/en/13858,
84,13859,Lissacholly,townland,Tirhugh,52,unknown,Carrickboy,1372427,Donegal,100013,Tirhugh,52,Kilbarron,794,54.47992468511461,-8.143914462857289,https://www.logainm.ie/en/13859,
85,13860,Raheen,townland,Tirhugh,52,unknown,Carrickboy,1372427,Donegal,100013,Tirhugh,52,Kilbarron,794,54.49011549699251,-8.166218918650152,https://www.logainm.ie/en/13860,
86,13861,Rowantreehill,townland,Tirhugh,52,unknown,Carrickboy,1372427,Donegal,100013,Tirhugh,52,Kilbarron,794,54.47784202089308,-8.126501820385991,https://www.logainm.ie/en/13861,
87,13862,Sminver,townland,Tirhugh,52,unknown,Carrickboy,1372427,Donegal,100013,Tirhugh,52,Kilbarron,794,54.49280545228882,-8.188093607724507,https://www.logainm.ie/en/13862,
88,13863,Templenew,townland,Tirhugh,52,unknown,Carrickboy,1372427,Donegal,100013,Tirhugh,52,Kilbarron,794,54.487153702232455,-8.129211342746393,https://www.logainm.ie/en/13863,
89,13864,Tully,townland,Tirhugh,52,unknown,Carrickboy,1372427,Donegal,100013,Tirhugh,52,Kilbarron,794,54.49237117057391,-8.17453228121208,https://www.logainm.ie/en/13864,
90,13865,Ballymagrorty,townland,Tirhugh,52,unknown,Cavangarden,1372434,Donegal,100013,Tirhugh,52,Drumhome,785,54.55365886858416,-8.06109443628282,https://www.logainm.ie/en/13865,
91,13867,Barr of Ballynacarrick,townland,Tirhugh,52,unknown,Cavangarden,1372434,Donegal,100013,Tirhugh,52,Drumhome,785,54.55463138330997,-8.017872631621476,https://www.logainm.ie/en/13867,
92,13868,Derries,townland,Tirhugh,52,unknown,Cavangarden,1372434,Donegal,100013,Tirhugh,52,Drumhome,785,54.56494504465997,-8.058598743734432,https://www.logainm.ie/en/13868,
93,13869,Rockhill,townland,Tirhugh,52,unknown,Castlewray,1372433,Donegal,100013,Tirhugh,52,Drumhome,785,54.5639496756294,-8.088886997062794,https://www.logainm.ie/en/13869,
94,13870,Tievebrack,townland,Tirhugh,52,unknown,Cavangarden,1372434,Donegal,100013,Tirhugh,52,Drumhome,785,54.56163600883395,-8.023514168191536,https://www.logainm.ie/en/13870,
95,13871,Ardgillew,townland,Tirhugh,52,unknown,Cavangarden,1372434,Donegal,100013,Tirhugh,52,Kilbarron,794,54.52587846253666,-8.156719765964242,https://www.logainm.ie/en/13871,
96,13872,Ardpattan,townland,Tirhugh,52,unknown,Cavangarden,1372434,Donegal,100013,Tirhugh,52,Kilbarron,794,54.532007500069945,-8.164497848874676,https://www.logainm.ie/en/13872,
97,13873,Carricknahorna,townland,Tirhugh,52,unknown,Cavangarden,1372434,Donegal,100013,Tirhugh,52,Kilbarron,794,54.53305275235465,-8.065687314827347,https://www.logainm.ie/en/13873,
98,13874,Cavangarden,townland,Tirhugh,52,unknown,Cavangarden,1372434,Donegal,100013,Tirhugh,52,Kilbarron,794,54.53137752874491,-8.147553151285267,https://www.logainm.ie/en/13874,
99,13875,Garvanagh,townland,Tirhugh,52,unknown,Cavangarden,1372434,Donegal,100013,Tirhugh,52,Kilbarron,794,54.54935227596797,-8.110478209977982,https://www.logainm.ie/en/13875,
100,13876,Laheen,townland,Tirhugh,52,unknown,Cavangarden,1372434,Donegal,100013,Tirhugh,52,Kilbarron,794,54.536630956949594,-8.135560567608072,https://www.logainm.ie/en/13876,
101,13877,Tober,townland,Tirhugh,52,unknown,Cavangarden,1372434,Donegal,100013,Tirhugh,52,Kilbarron,794,54.54339077032966,-8.055313740516334,https://www.logainm.ie/en/13877,
102,13878,Twomilestone,townland,Tirhugh,52,unknown,Cavangarden,1372434,Donegal,100013,Tirhugh,52,Kilbarron,794,54.53297639584634,-8.17257045040389,https://www.logainm.ie/en/13878,
103,13879,Cashelard,townland,Tirhugh,52,unknown,Cliff,111073,Donegal,100013,Tirhugh,52,Kilbarron,794,54.521563634043204,-8.087954301254332,https://www.logainm.ie/en/13879,
104,13880,Corlea,townland,Tirhugh,52,unknown,,,Donegal,100013,Tirhugh,52,Kilbarron,794,54.49739940655156,-8.089378520454327,https://www.logainm.ie/en/13880,
105,13881,Croaghbreesy,townland,Tirhugh,52,unknown,,,Donegal,100013,Tirhugh,52,Kilbarron,794,54.50827456174049,-8.056792826644017,https://www.logainm.ie/en/13881,
106,13882,Derrykillew,townland,Tirhugh,52,unknown,,,Donegal,100013,Tirhugh,52,Kilbarron,794,54.49722104344059,-8.060330522484543,https://www.logainm.ie/en/13882,
107,13887,Aghadowey,townland,Tirhugh,52,unknown,Ballintra (Donegal),1372411,Donegal,100013,Tirhugh,52,Drumhome,785,54.58634835054314,-8.051562353274779,https://www.logainm.ie/en/13887,
108,13888,Ballintooey,townland,Tirhugh,52,unknown,Ballintra (Donegal),1372411,Donegal,100013,Tirhugh,52,Drumhome,785,54.58280937064556,-8.089307306467198,https://www.logainm.ie/en/13888,
109,13889,Ballyalla,townland,Tirhugh,52,unknown,Ballintra (Donegal),1372411,Donegal,100013,Tirhugh,52,Drumhome,785,54.57560272604435,-8.067355586532951,https://www.logainm.ie/en/13889,
110,13890,Ballybulgan,townland,Tirhugh,52,unknown,Ballintra (Donegal),1372411,Donegal,100013,Tirhugh,52,Drumhome,785,54.5931422576585,-8.140223555655723,https://www.logainm.ie/en/13890,
111,13891,Ballydermot,townland,Tirhugh,52,unknown,Ballintra (Donegal),1372411,Donegal,100013,Tirhugh,52,Drumhome,785,54.58363352095008,-8.067763320448602,https://www.logainm.ie/en/13891,
112,13892,Ballynakillew Mountain,townland,Tirhugh,52,unknown,Ballintra (Donegal),1372411,Donegal,100013,Tirhugh,52,Drumhome,785,54.59612056729665,-7.997413456926262,https://www.logainm.ie/en/13892,
113,13893,Bigpark,townland,Tirhugh,52,unknown,Ballintra (Donegal),1372411,Donegal,100013,Tirhugh,52,Drumhome,785,54.579372143116096,-8.077214519353102,https://www.logainm.ie/en/13893,
114,13894,Brownhall Demesne,townland,Tirhugh,52,unknown,Ballintra (Donegal),1372411,Donegal,100013,Tirhugh,52,Drumhome,785,54.57829787716643,-8.097054586408508,https://www.logainm.ie/en/13894,
115,13895,Carrickbreeny,townland,Tirhugh,52,unknown,Ballintra (Donegal),1372411,Donegal,100013,Tirhugh,52,Drumhome,785,54.58892610025103,-8.100589715494756,https://www.logainm.ie/en/13895,
116,13896,Coxtown,townland,Tirhugh,52,unknown,Ballintra (Donegal),1372411,Donegal,100013,Tirhugh,52,Drumhome,785,54.60002075833861,-8.113889454363177,https://www.logainm.ie/en/13896,
117,13897,Drumaneel,townland,Tirhugh,52,unknown,Ballintra (Donegal),1372411,Donegal,100013,Tirhugh,52,Drumhome,785,54.59319742045954,-8.108383365770662,https://www.logainm.ie/en/13897,
118,13898,Drumbristan Glebe,townland,Tirhugh,52,unknown,Ballintra (Donegal),1372411,Donegal,100013,Tirhugh,52,Drumhome,785,54.60141017140566,-8.141019322357206,https://www.logainm.ie/en/13898,
119,13899,Drumchory Glebe,townland,Tirhugh,52,unknown,Ballintra (Donegal),1372411,Donegal,100013,Tirhugh,52,Drumhome,785,54.59528732916748,-8.143620558229912,https://www.logainm.ie/en/13899,
120,13900,Drummanus Glebe,townland,Tirhugh,52,unknown,Ballintra (Donegal),1372411,Donegal,100013,Tirhugh,52,Drumhome,785,54.60469001334343,-8.117967593572233,https://www.logainm.ie/en/13900,
121,13901,Drumnacroil,townland,Tirhugh,52,unknown,Ballintra (Donegal),1372411,Donegal,100013,Tirhugh,52,Drumhome,785,54.58909553599007,-8.1317375087934,https://www.logainm.ie/en/13901,
122,13902,Inishnabo,townland,Tirhugh,52,unknown,Ballintra (Donegal),1372411,Donegal,100013,Tirhugh,52,Drumhome,785,54.6074897497455,-8.13822729683003,https://www.logainm.ie/en/13902,
123,13903,Kilgole,townland,Tirhugh,52,unknown,Ballintra (Donegal),1372411,Donegal,100013,Tirhugh,52,Drumhome,785,54.59586015199904,-8.125418549309911,https://www.logainm.ie/en/13903,
124,13904,Knockbane,townland,Tirhugh,52,unknown,Ballintra (Donegal),1372411,Donegal,100013,Tirhugh,52,Drumhome,785,54.59252759979476,-8.068734301980822,https://www.logainm.ie/en/13904,
125,13905,Legnanornoge,townland,Tirhugh,52,unknown,Ballintra (Donegal),1372411,Donegal,100013,Tirhugh,52,Drumhome,785,54.57259659507769,-8.08069963125578,https://www.logainm.ie/en/13905,
126,13906,Ballyruddelly or Lismintan,townland,Tirhugh,52,unknown,Ballintra (Donegal),1372411,Donegal,100013,Tirhugh,52,Drumhome,785,54.580643465902924,-8.112795860547912,https://www.logainm.ie/en/13906,
127,13907,Lisnapaste,townland,Tirhugh,52,unknown,Ballintra (Donegal),1372411,Donegal,100013,Tirhugh,52,Drumhome,785,54.59677788079517,-8.082311437158623,https://www.logainm.ie/en/13907,
128,13908,Murvagh Lower,townland,Tirhugh,52,unknown,Ballintra (Donegal),1372411,Donegal,100013,Tirhugh,52,Drumhome,785,54.61612431689802,-8.153682226925076,https://www.logainm.ie/en/13908,
129,13909,Murvagh Upper Glebe,townland,Tirhugh,52,unknown,Ballintra (Donegal),1372411,Donegal,100013,Tirhugh,52,Drumhome,785,54.59718401314623,-8.151715178386654,https://www.logainm.ie/en/13909,
130,13910,Pollnaranny,townland,Tirhugh,52,unknown,Ballintra (Donegal),1372411,Donegal,100013,Tirhugh,52,Drumhome,785,54.5727027607117,-8.026825415185305,https://www.logainm.ie/en/13910,
131,13911,Rafoarty,townland,Tirhugh,52,unknown,Ballintra (Donegal),1372411,Donegal,100013,Tirhugh,52,Drumhome,785,54.595906716781215,-8.106049086713808,https://www.logainm.ie/en/13911,
132,13912,Rath,townland,Tirhugh,52,unknown,Ballintra (Donegal),1372411,Donegal,100013,Tirhugh,52,Drumhome,785,54.58731496418279,-8.087491398633878,https://www.logainm.ie/en/13912,
133,13913,Rath Mountain,townland,Tirhugh,52,unknown,Ballintra (Donegal),1372411,Donegal,100013,Tirhugh,52,Drumhome,785,54.58428223264494,-8.003873047777997,https://www.logainm.ie/en/13913,
134,13914,Rathtinny Glebe,townland,Tirhugh,52,unknown,Ballintra (Donegal),1372411,Donegal,100013,Tirhugh,52,Drumhome,785,54.6007596328891,-8.128773349535106,https://www.logainm.ie/en/13914,
135,13915,Shannagh,townland,Tirhugh,52,unknown,Ballintra (Donegal),1372411,Donegal,100013,Tirhugh,52,Drumhome,785,54.59172652031946,-8.044509464949684,https://www.logainm.ie/en/13915,
136,13916,Tobernahoory,townland,Tirhugh,52,unknown,Ballintra (Donegal),1372411,Donegal,100013,Tirhugh,52,Drumhome,785,54.58746893347789,-8.12222754325706,https://www.logainm.ie/en/13916,
137,13917,Urbalshinny,townland,Tirhugh,52,unknown,Ballintra (Donegal),1372411,Donegal,100013,Tirhugh,52,Drumhome,785,54.59498111551725,-8.116285208201452,https://www.logainm.ie/en/13917,
138,13957,Birchhill,townland,Tirhugh,52,unknown,Clogher,1372439,Donegal,100013,Tirhugh,52,Donegal,784,54.67617195976887,-8.036300764452982,https://www.logainm.ie/en/13957,
139,13958,Carnbeagh North,townland,Tirhugh,52,unknown,Clogher,1372439,Donegal,100013,Tirhugh,52,Donegal,784,54.66642831180954,-8.041794954723551,https://www.logainm.ie/en/13958,
140,13959,Carnbeagh South,townland,Tirhugh,52,unknown,Clogher,1372439,Donegal,100013,Tirhugh,52,Donegal,784,54.663130460724716,-8.042584537399893,https://www.logainm.ie/en/13959,
141,13960,Clarcam,townland,Tirhugh,52,unknown,Clogher,1372439,Donegal,100013,Tirhugh,52,Donegal,784,54.666169070065884,-8.054174286789825,https://www.logainm.ie/en/13960,
142,13961,Clardrumbarren,townland,Tirhugh,52,unknown,Clogher,1372439,Donegal,100013,Tirhugh,52,Donegal,784,54.67326878005159,-8.071599218672985,https://www.logainm.ie/en/13961,
143,13962,Clardrumnagahan,townland,Tirhugh,52,unknown,Clogher,1372439,Donegal,100013,Tirhugh,52,Donegal,784,54.67512161097278,-8.06704352206109,https://www.logainm.ie/en/13962,
144,13963,Clarlougheask,townland,Tirhugh,52,unknown,Clogher,1372439,Donegal,100013,Tirhugh,52,Donegal,784,54.6783534148979,-8.054076854584464,https://www.logainm.ie/en/13963,
145,13964,Clogher,townland,Tirhugh,52,unknown,Clogher,1372439,Donegal,100013,Tirhugh,52,Donegal,784,54.6778636096755,-7.976910710473294,https://www.logainm.ie/en/13964,
146,13965,Corveen,townland,Tirhugh,52,unknown,Clogher,1372439,Donegal,100013,Tirhugh,52,Donegal,784,54.68514568973288,-8.038800094113705,https://www.logainm.ie/en/13965,
147,13966,Craigroe,townland,Tirhugh,52,unknown,Clogher,1372439,Donegal,100013,Tirhugh,52,Donegal,784,54.65965304242089,-8.066786981930905,https://www.logainm.ie/en/13966,
148,13967,Cullionboy,townland,Tirhugh,52,unknown,Clogher,1372439,Donegal,100013,Tirhugh,52,Donegal,784,54.68550158558223,-7.975891682422917,https://www.logainm.ie/en/13967,
149,13968,Drumbarren,townland,Tirhugh,52,unknown,Clogher,1372439,Donegal,100013,Tirhugh,52,Donegal,784,54.66905653562753,-8.080501197272394,https://www.logainm.ie/en/13968,
150,13969,Druminnin,townland,Tirhugh,52,unknown,Clogher,1372439,Donegal,100013,Tirhugh,52,Donegal,784,54.682252864512456,-8.02076701378752,https://www.logainm.ie/en/13969,
151,13970,Drumnagahan,townland,Tirhugh,52,unknown,Clogher,1372439,Donegal,100013,Tirhugh,52,Donegal,784,54.674604495087024,-8.051280941859472,https://www.logainm.ie/en/13970,
152,13971,Finnabanes,townland,Tirhugh,52,unknown,Clogher,1372439,Donegal,100013,Tirhugh,52,Donegal,784,54.671751346343186,-8.037353496007347,https://www.logainm.ie/en/13971,
153,13972,Keadew Lower,townland,Tirhugh,52,unknown,Clogher,1372439,Donegal,100013,Tirhugh,52,Donegal,784,54.697035616273624,-7.996016338864254,https://www.logainm.ie/en/13972,
154,13973,Keadew Upper,townland,Tirhugh,52,unknown,Clogher,1372439,Donegal,100013,Tirhugh,52,Donegal,784,54.70504288353722,-7.96342444871463,https://www.logainm.ie/en/13973,
155,13974,Keeldrum,townland,Tirhugh,52,unknown,Clogher,1372439,Donegal,100013,Tirhugh,52,Donegal,784,54.666710035999586,-8.071908448499906,https://www.logainm.ie/en/13974,
156,13975,Meenabrock,townland,Tirhugh,52,unknown,Clogher,1372439,Donegal,100013,Tirhugh,52,Donegal,784,54.68130559088727,-7.92120027633523,https://www.logainm.ie/en/13975,
157,13976,Mullanalamphry,townland,Tirhugh,52,unknown,Clogher,1372439,Donegal,100013,Tirhugh,52,Donegal,784,54.687713797645635,-8.020136372383499,https://www.logainm.ie/en/13976,
158,13978,Spierstown,townland,Tirhugh,52,unknown,Clogher,1372439,Donegal,100013,Tirhugh,52,Donegal,784,54.669497511032674,-8.061290076812655,https://www.logainm.ie/en/13978,
159,13979,Tinnycahil,townland,Tirhugh,52,unknown,Clogher,1372439,Donegal,100013,Tirhugh,52,Donegal,784,54.66190336834972,-8.067269058526376,https://www.logainm.ie/en/13979,
160,14025,Ardchicken,townland,Tirhugh,52,unknown,Donegal,1372456,Donegal,100013,Tirhugh,52,Donegal,784,54.64273559384145,-8.111923889163632,https://www.logainm.ie/en/14025,
161,14026,Ardeskin,townland,Tirhugh,52,unknown,Donegal,1372456,Donegal,100013,Tirhugh,52,Donegal,784,54.64977795665727,-8.096601869339176,https://www.logainm.ie/en/14026,
162,14027,Ardlenagh,townland,Tirhugh,52,unknown,Donegal,1372456,Donegal,100013,Tirhugh,52,Donegal,784,54.6331220073503,-8.119616654230228,https://www.logainm.ie/en/14027,
163,14028,Brookfield,townland,Tirhugh,52,unknown,Donegal,1372456,Donegal,100013,Tirhugh,52,Donegal,784,54.64249254763463,-8.097397464684224,https://www.logainm.ie/en/14028,
164,14029,Clarcarricknagun,townland,Tirhugh,52,unknown,Donegal,1372456,Donegal,100013,Tirhugh,52,Donegal,784,54.6570306360887,-8.07653605065472,https://www.logainm.ie/en/14029,
165,14030,Donegal,townland,Tirhugh,52,unknown,Donegal,1372456,Donegal,100013,Tirhugh,52,Donegal,784,54.65471965070146,-8.101769823734127,https://www.logainm.ie/en/14030,
166,14031,Drumbar,townland,Tirhugh,52,unknown,Donegal,1372456,Donegal,100013,Tirhugh,52,Donegal,784,54.64045189350336,-8.087593076673596,https://www.logainm.ie/en/14031,
167,14032,Drumgowan,townland,Tirhugh,52,unknown,Donegal,1372456,Donegal,100013,Tirhugh,52,Donegal,784,54.63472985890199,-8.098764114187304,https://www.logainm.ie/en/14032,
168,14033,Drumlaght,townland,Tirhugh,52,unknown,Donegal,1372456,Donegal,100013,Tirhugh,52,Donegal,784,54.66264475636149,-8.091802265583587,https://www.logainm.ie/en/14033,
169,14034,Drumlonagher,townland,Tirhugh,52,unknown,Donegal,1372456,Donegal,100013,Tirhugh,52,Donegal,784,54.660023607152226,-8.09025292495705,https://www.logainm.ie/en/14034,
170,14035,Drumrat,townland,Tirhugh,52,unknown,Donegal,1372456,Donegal,100013,Tirhugh,52,Donegal,784,54.65219682552634,-8.088743253586527,https://www.logainm.ie/en/14035,
171,14036,Glebe,townland,Tirhugh,52,unknown,Donegal,1372456,Donegal,100013,Tirhugh,52,Donegal,784,54.6498659559559,-8.111371452928108,https://www.logainm.ie/en/14036,
172,14037,Lurganboy,townland,Tirhugh,52,unknown,Donegal,1372456,Donegal,100013,Tirhugh,52,Donegal,784,54.6386001625601,-8.117062816857555,https://www.logainm.ie/en/14037,
173,14038,Muckros,townland,Tirhugh,52,unknown,Donegal,1372456,Donegal,100013,Tirhugh,52,Donegal,784,54.633221549211484,-8.131542058679928,https://www.logainm.ie/en/14038,
174,14039,Raforker,townland,Tirhugh,52,unknown,Donegal,1372456,Donegal,100013,Tirhugh,52,Donegal,784,54.64763459998955,-8.10551488451499,https://www.logainm.ie/en/14039,
175,14040,Rarooey,townland,Tirhugh,52,unknown,Donegal,1372456,Donegal,100013,Tirhugh,52,Donegal,784,54.64216261528922,-8.10566902919671,https://www.logainm.ie/en/14040,
176,14041,Tawnalary,townland,Tirhugh,52,unknown,Donegal,1372456,Donegal,100013,Tirhugh,52,Donegal,784,54.637678616172245,-8.10687127008677,https://www.logainm.ie/en/14041,
177,14042,Tullaghcullion,townland,Tirhugh,52,unknown,Donegal,1372456,Donegal,100013,Tirhugh,52,Donegal,784,54.64495684581314,-8.118212768470238,https://www.logainm.ie/en/14042,
178,14043,Tully,townland,Tirhugh,52,unknown,Donegal,1372456,Donegal,100013,Tirhugh,52,Donegal,784,54.646111486460214,-8.07897202899035,https://www.logainm.ie/en/14043,
179,14087,Cashelenny,townland,Tirhugh,52,unknown,Grousehall,1372489,Donegal,100013,Tirhugh,52,Templecarn,815,54.61113337730006,-7.737008823081777,https://www.logainm.ie/en/14087,
180,14088,Crilly,townland,Tirhugh,52,unknown,Grousehall,1372489,Donegal,100013,Tirhugh,52,Templecarn,815,54.617737402866105,-7.708126936472644,https://www.logainm.ie/en/14088,
181,14089,Grousehall,townland,Tirhugh,52,unknown,Grousehall,1372489,Donegal,100013,Tirhugh,52,Templecarn,815,54.609303550987,-7.76358074173331,https://www.logainm.ie/en/14089,
182,14090,Lettercran,townland,Tirhugh,52,unknown,Grousehall,1372489,Donegal,100013,Tirhugh,52,Templecarn,815,54.60754511100327,-7.726316311085428,https://www.logainm.ie/en/14090,
183,14091,Tievemore,townland,Tirhugh,52,unknown,Grousehall,1372489,Donegal,100013,Tirhugh,52,Templecarn,815,54.60973389517642,-7.796043095248792,https://www.logainm.ie/en/14091,
184,14092,Tullylark,townland,Tirhugh,52,unknown,Grousehall,1372489,Donegal,100013,Tirhugh,52,Templecarn,815,54.58530093508485,-7.777024870446261,https://www.logainm.ie/en/14092,
185,14132,Ardbane or Laghy Barr,townland,Tirhugh,52,unknown,Laghy,1372507,Donegal,100013,Tirhugh,52,Drumhome,785,54.61822581970356,-8.016601127925227,https://www.logainm.ie/en/14132,
186,14133,Ballykillowen,townland,Tirhugh,52,unknown,Laghy,1372507,Donegal,100013,Tirhugh,52,Drumhome,785,54.63684147317006,-8.023425555285176,https://www.logainm.ie/en/14133,
187,14135,Blabreenagh,townland,Tirhugh,52,unknown,Laghy,1372507,Donegal,100013,Tirhugh,52,Drumhome,785,54.65407437907642,-7.90967265260377,https://www.logainm.ie/en/14135,
188,14136,Carrick East,townland,Tirhugh,52,unknown,Laghy,1372507,Donegal,100013,Tirhugh,52,Drumhome,785,54.6120903686229,-8.093361661798832,https://www.logainm.ie/en/14136,
189,14137,Carrick Upper and Lower Barr,townland,Tirhugh,52,unknown,Laghy,1372507,Donegal,100013,Tirhugh,52,Drumhome,785,54.61487823550586,-8.001976431768613,https://www.logainm.ie/en/14137,
190,14138,Carrick West,townland,Tirhugh,52,unknown,Laghy,1372507,Donegal,100013,Tirhugh,52,Drumhome,785,54.61070311461227,-8.110639245604403,https://www.logainm.ie/en/14138,
191,14139,Cormullin,townland,Tirhugh,52,unknown,Laghy,1372507,Donegal,100013,Tirhugh,52,Drumhome,785,54.621534596679886,-8.041536114628938,https://www.logainm.ie/en/14139,
192,14140,Golard,townland,Tirhugh,52,unknown,Laghy,1372507,Donegal,100013,Tirhugh,52,Drumhome,785,54.62671188781709,-8.048708563622977,https://www.logainm.ie/en/14140,
193,14141,Greaghs,townland,Tirhugh,52,unknown,Laghy,1372507,Donegal,100013,Tirhugh,52,Drumhome,785,54.61461905361941,-8.06147110231555,https://www.logainm.ie/en/14141,
194,14142,Inishpat,townland,Tirhugh,52,unknown,Laghy,1372507,Donegal,100013,Tirhugh,52,Drumhome,785,54.6175243045088,-8.138942471904128,https://www.logainm.ie/en/14142,
195,14144,Laghy,townland,Tirhugh,52,unknown,Laghy,1372507,Donegal,100013,Tirhugh,52,Drumhome,785,54.617850625448476,-8.081772569922919,https://www.logainm.ie/en/14144,
196,14145,Meenacargagh or Raneany Barr,townland,Tirhugh,52,unknown,Laghy,1372507,Donegal,100013,Tirhugh,52,Drumhome,785,54.62562034020416,-7.990059314207352,https://www.logainm.ie/en/14145,
197,14146,Greaghs Barr or Meenavanaghan,townland,Tirhugh,52,unknown,Laghy,1372507,Donegal,100013,Tirhugh,52,Drumhome,785,54.621759554508266,-8.001780978331716,https://www.logainm.ie/en/14146,
198,14147,Mullanasole,townland,Tirhugh,52,unknown,Laghy,1372507,Donegal,100013,Tirhugh,52,Drumhome,785,54.60887983932581,-8.127037012392252,https://www.logainm.ie/en/14147,
199,14148,Mullanasole Barr,townland,Tirhugh,52,unknown,Laghy,1372507,Donegal,100013,Tirhugh,52,Drumhome,785,54.60365274129962,-8.007251405884508,https://www.logainm.ie/en/14148,
200,14149,Oughtnadrin,townland,Tirhugh,52,unknown,Laghy,1372507,Donegal,100013,Tirhugh,52,Drumhome,785,54.61488525101004,-8.102164686279094,https://www.logainm.ie/en/14149,
201,14151,Raneany West,townland,Tirhugh,52,unknown,Laghy,1372507,Donegal,100013,Tirhugh,52,Drumhome,785,54.622727539445606,-8.081735377397587,https://www.logainm.ie/en/14151,
202,14152,Raneany East,townland,Tirhugh,52,unknown,Laghy,1372507,Donegal,100013,Tirhugh,52,Drumhome,785,54.62584428547295,-8.070774894856674,https://www.logainm.ie/en/14152,
203,14153,Rossilly,townland,Tirhugh,52,unknown,Laghy,1372507,Donegal,100013,Tirhugh,52,Drumhome,785,54.614860790488976,-8.124000392160472,https://www.logainm.ie/en/14153,
204,14154,Rossilly Barr,townland,Tirhugh,52,unknown,Laghy,1372507,Donegal,100013,Tirhugh,52,Drumhome,785,54.60155785333449,-8.030052445657978,https://www.logainm.ie/en/14154,
205,14155,Rossyvolan,townland,Tirhugh,52,unknown,Laghy,1372507,Donegal,100013,Tirhugh,52,Drumhome,785,54.62198874598437,-8.108647921594908,https://www.logainm.ie/en/14155,
206,14156,Trumman East,townland,Tirhugh,52,unknown,Laghy,1372507,Donegal,100013,Tirhugh,52,Drumhome,785,54.608313077202105,-8.068519572770327,https://www.logainm.ie/en/14156,
207,14157,Trumman West,townland,Tirhugh,52,unknown,Laghy,1372507,Donegal,100013,Tirhugh,52,Drumhome,785,54.60563197632104,-8.101516553853017,https://www.logainm.ie/en/14157,
208,14158,Trumman West Barr,townland,Tirhugh,52,unknown,Laghy,1372507,Donegal,100013,Tirhugh,52,Drumhome,785,54.6061194499393,-8.043287900639202,https://www.logainm.ie/en/14158,
209,14159,Tullygallan,townland,Tirhugh,52,unknown,Laghy,1372507,Donegal,100013,Tirhugh,52,Drumhome,785,54.62571472915505,-8.092625807003047,https://www.logainm.ie/en/14159,
210,14160,"Tullygallen, Tullywee and Oughtnadrin Barr",townland,Tirhugh,52,unknown,Laghy,1372507,Donegal,100013,Tirhugh,52,Drumhome,785,54.64103671244445,-7.945142193216376,https://www.logainm.ie/en/14160,
211,14161,Tullywee,townland,Tirhugh,52,unknown,Laghy,1372507,Donegal,100013,Tirhugh,52,Drumhome,785,54.61980579201609,-8.101927613667831,https://www.logainm.ie/en/14161,
212,14174,Aghafoy,townland,Tirhugh,52,unknown,Pettigoe,1372529,Donegal,100013,Tirhugh,52,Templecarn,815,54.54788262430337,-7.847984290123994,https://www.logainm.ie/en/14174,
213,14175,Aghalough,townland,Tirhugh,52,unknown,Pettigoe,1372529,Donegal,100013,Tirhugh,52,Templecarn,815,54.56560030615695,-7.845371656298927,https://www.logainm.ie/en/14175,
214,14176,Ardnaglass,townland,Tirhugh,52,unknown,Pettigoe,1372529,Donegal,100013,Tirhugh,52,Templecarn,815,54.55203062576211,-7.836806243898301,https://www.logainm.ie/en/14176,
215,14177,Ash Island,townland,Tirhugh,52,unknown,Pettigoe,1372529,Donegal,100013,Tirhugh,52,Templecarn,815,54.5783267060343,-7.85490282295212,https://www.logainm.ie/en/14177,
216,14178,Ballymacavany,townland,Tirhugh,52,unknown,Pettigoe,1372529,Donegal,100013,Tirhugh,52,Templecarn,815,54.601892971355774,-7.849499988118363,https://www.logainm.ie/en/14178,
217,14179,Billary,townland,Tirhugh,52,unknown,Pettigoe,1372529,Donegal,100013,Tirhugh,52,Templecarn,815,54.54578912378297,-7.842908830341471,https://www.logainm.ie/en/14179,
218,14180,Bircog,townland,Tirhugh,52,unknown,Pettigoe,1372529,Donegal,100013,Tirhugh,52,Templecarn,815,54.55620887767251,-7.832974795483223,https://www.logainm.ie/en/14180,
219,14181,Boat Island,townland,Tirhugh,52,unknown,Pettigoe,1372529,Donegal,100013,Tirhugh,52,Templecarn,815,54.5783267060343,-7.85490282295212,https://www.logainm.ie/en/14181,
220,14182,Boeeshil,townland,Tirhugh,52,unknown,Pettigoe,1372529,Donegal,100013,Tirhugh,52,Templecarn,815,54.580355766823004,-7.867620033203133,https://www.logainm.ie/en/14182,
221,14183,Carn,townland,Tirhugh,52,unknown,Pettigoe,1372529,Donegal,100013,Tirhugh,52,Templecarn,815,54.58483215534098,-7.845306529757988,https://www.logainm.ie/en/14183,
222,14184,Carrickrory,townland,Tirhugh,52,unknown,Pettigoe,1372529,Donegal,100013,Tirhugh,52,Templecarn,815,54.56109257609665,-7.8739307760192965,https://www.logainm.ie/en/14184,
223,14185,Corlea,townland,Tirhugh,52,unknown,Pettigoe,1372529,Donegal,100013,Tirhugh,52,Templecarn,815,54.57357077682028,-7.887730068811718,https://www.logainm.ie/en/14185,
224,14186,Croagh,townland,Tirhugh,52,unknown,Pettigoe,1372529,Donegal,100013,Tirhugh,52,Templecarn,815,54.58083694898907,-7.854482110920317,https://www.logainm.ie/en/14186,
225,14187,Crocknacunny,townland,Tirhugh,52,unknown,Pettigoe,1372529,Donegal,100013,Tirhugh,52,Templecarn,815,54.62473494911277,-7.833261282178377,https://www.logainm.ie/en/14187,
226,14188,Cullion,townland,Tirhugh,52,unknown,Pettigoe,1372529,Donegal,100013,Tirhugh,52,Templecarn,815,54.59265569884833,-7.805288351748422,https://www.logainm.ie/en/14188,
227,14189,Drumawark,townland,Tirhugh,52,unknown,Pettigoe,1372529,Donegal,100013,Tirhugh,52,Templecarn,815,54.57913148896844,-7.80857256666775,https://www.logainm.ie/en/14189,
228,14190,Drumchrin,townland,Tirhugh,52,unknown,Pettigoe,1372529,Donegal,100013,Tirhugh,52,Templecarn,815,54.56539804521885,-7.8330418958525865,https://www.logainm.ie/en/14190,
229,14191,Drumgun,townland,Tirhugh,52,unknown,Pettigoe,1372529,Donegal,100013,Tirhugh,52,Templecarn,815,54.547611633247385,-7.857775267312179,https://www.logainm.ie/en/14191,
230,14192,Drumharriff,townland,Tirhugh,52,unknown,Pettigoe,1372529,Donegal,100013,Tirhugh,52,Templecarn,815,54.54287969257492,-7.837493622947842,https://www.logainm.ie/en/14192,
231,14193,Drumnaskea,townland,Tirhugh,52,unknown,Pettigoe,1372529,Donegal,100013,Tirhugh,52,Templecarn,815,54.56142362292039,-7.848295545536752,https://www.logainm.ie/en/14193,
232,14194,Fincashel,townland,Tirhugh,52,unknown,Pettigoe,1372529,Donegal,100013,Tirhugh,52,Templecarn,815,54.553569622249924,-7.8806262315875015,https://www.logainm.ie/en/14194,
233,14195,Gavelands Islands,townland,Tirhugh,52,unknown,Pettigoe,1372529,Donegal,100013,Tirhugh,52,Templecarn,815,54.5783267060343,-7.85490282295212,https://www.logainm.ie/en/14195,
234,14196,Gortinessy,townland,Tirhugh,52,unknown,Pettigoe,1372529,Donegal,100013,Tirhugh,52,Templecarn,815,54.569155431764464,-7.822098555792124,https://www.logainm.ie/en/14196,
235,14197,Illan Philipboy,townland,Tirhugh,52,unknown,Pettigoe,1372529,Donegal,100013,Tirhugh,52,Templecarn,815,54.5783267060343,-7.85490282295212,https://www.logainm.ie/en/14197,
236,14198,Kimmid,townland,Tirhugh,52,unknown,Pettigoe,1372529,Donegal,100013,Tirhugh,52,Templecarn,815,54.556007194881154,-7.848758513343259,https://www.logainm.ie/en/14198,
237,14200,Pettigoe,townland,Tirhugh,52,unknown,Pettigoe,1372529,Donegal,100013,Tirhugh,52,Templecarn,815,54.548855387645986,-7.836284956706426,https://www.logainm.ie/en/14200,
238,14201,Portcreevy,townland,Tirhugh,52,unknown,Pettigoe,1372529,Donegal,100013,Tirhugh,52,Templecarn,815,54.593902443004374,-7.875082057202902,https://www.logainm.ie/en/14201,
239,14202,Sessiaghkeelta,townland,Tirhugh,52,unknown,Pettigoe,1372529,Donegal,100013,Tirhugh,52,Templecarn,815,54.58530068588565,-7.82339039474929,https://www.logainm.ie/en/14202,
240,14203,Station Island,townland,Tirhugh,52,unknown,Pettigoe,1372529,Donegal,100013,Tirhugh,52,Templecarn,815,54.6165772195058,-7.874064546353551,https://www.logainm.ie/en/14203,
241,14204,Tawlaght,townland,Tirhugh,52,unknown,Pettigoe,1372529,Donegal,100013,Tirhugh,52,Templecarn,815,54.59580537092864,-7.831227029177266,https://www.logainm.ie/en/14204,
242,14205,Tullycarn,townland,Tirhugh,52,unknown,Pettigoe,1372529,Donegal,100013,Tirhugh,52,Templecarn,815,54.56316284453605,-7.8247861453808945,https://www.logainm.ie/en/14205,
243,14235,Ardatowel,townland,Tirhugh,52,unknown,Tawnawully,1372542,Donegal,100013,Tirhugh,52,Donegal,784,54.698931718656084,-8.018968759412461,https://www.logainm.ie/en/14235,
244,14236,Ardeevin,townland,Tirhugh,52,unknown,Tawnawully,1372542,Donegal,100013,Tirhugh,52,Donegal,784,54.69263858419763,-8.021662724018267,https://www.logainm.ie/en/14236,
245,14237,Ardinawark,townland,Tirhugh,52,unknown,Tawnawully,1372542,Donegal,100013,Tirhugh,52,Donegal,784,54.70592623999528,-7.983338858632674,https://www.logainm.ie/en/14237,
246,14238,Ardnableask,townland,Tirhugh,52,unknown,Tawnawully,1372542,Donegal,100013,Tirhugh,52,Donegal,784,54.69622912710026,-8.010488268960446,https://www.logainm.ie/en/14238,
247,14239,Cornaveagh,townland,Tirhugh,52,unknown,Tawnawully,1372542,Donegal,100013,Tirhugh,52,Donegal,784,54.724234869143054,-8.033047109213395,https://www.logainm.ie/en/14239,
248,14240,Corracramph,townland,Tirhugh,52,unknown,Tawnawully,1372542,Donegal,100013,Tirhugh,52,Donegal,784,54.71561487182386,-8.026324543115075,https://www.logainm.ie/en/14240,
249,14241,Friarsbush,townland,Tirhugh,52,unknown,Tawnawully,1372542,Donegal,100013,Tirhugh,52,Donegal,784,54.712562316221046,-7.969438790937455,https://www.logainm.ie/en/14241,
250,14242,Garvagh,townland,Tirhugh,52,unknown,Tawnawully,1372542,Donegal,100013,Tirhugh,52,Donegal,784,54.70705763507994,-8.029314939306081,https://www.logainm.ie/en/14242,
251,14243,Goladoo,townland,Tirhugh,52,unknown,Tawnawully,1372542,Donegal,100013,Tirhugh,52,Donegal,784,54.71758444402733,-8.032826645213479,https://www.logainm.ie/en/14243,
252,14244,Milltown,townland,Tirhugh,52,unknown,Tawnawully,1372542,Donegal,100013,Tirhugh,52,Donegal,784,54.6897955200707,-8.030243991345289,https://www.logainm.ie/en/14244,
253,14245,Roshin Island,townland,Tirhugh,52,unknown,Tawnawully,1372542,Donegal,100013,Tirhugh,52,Donegal,784,54.670573530012504,-8.04572989420831,https://www.logainm.ie/en/14245,
254,14246,Tawnaghgorm,townland,Tirhugh,52,unknown,Tawnawully,1372542,Donegal,100013,Tirhugh,52,Donegal,784,54.70217448888229,-8.024601587728931,https://www.logainm.ie/en/14246,
255,14247,Tawnaghlahan,townland,Tirhugh,52,unknown,Tawnawully,1372542,Donegal,100013,Tirhugh,52,Donegal,784,54.70085298088621,-7.999736078223418,https://www.logainm.ie/en/14247,
256,14248,Tawnawully Mountains,townland,Tirhugh,52,unknown,Tawnawully,1372542,Donegal,100013,Tirhugh,52,Donegal,784,54.728557563519594,-7.990030785035236,https://www.logainm.ie/en/14248,
257,14250,Aghnahoo Glebe,townland,Tirhugh,52,unknown,Templecarn,1372543,Donegal,100013,Tirhugh,52,Templecarn,815,54.537786540382115,-7.854662541387368,https://www.logainm.ie/en/14250,
258,14251,Bannus,townland,Tirhugh,52,unknown,Templecarn,1372543,Donegal,100013,Tirhugh,52,Templecarn,815,54.53693565288322,-7.87640791728922,https://www.logainm.ie/en/14251,
259,14252,Belalt North,townland,Tirhugh,52,unknown,Templecarn,1372543,Donegal,100013,Tirhugh,52,Templecarn,815,54.559093762495905,-7.913682598614427,https://www.logainm.ie/en/14252,
260,14253,Belalt South,townland,Tirhugh,52,unknown,Templecarn,1372543,Donegal,100013,Tirhugh,52,Templecarn,815,54.540882251927506,-7.91939037533254,https://www.logainm.ie/en/14253,
261,14254,Carntressy,townland,Tirhugh,52,unknown,Templecarn,1372543,Donegal,100013,Tirhugh,52,Templecarn,815,54.54982089779008,-7.890214040994938,https://www.logainm.ie/en/14254,
262,14255,Croaghbrack,townland,Tirhugh,52,unknown,Templecarn,1372543,Donegal,100013,Tirhugh,52,Templecarn,815,54.63890063582001,-7.899655235437685,https://www.logainm.ie/en/14255,
263,14256,Derg Beg Island,townland,Tirhugh,52,unknown,Templecarn,1372543,Donegal,100013,Tirhugh,52,Templecarn,815,54.5783267060343,-7.85490282295212,https://www.logainm.ie/en/14256,
264,14257,Derg More Island,townland,Tirhugh,52,unknown,Templecarn,1372543,Donegal,100013,Tirhugh,52,Templecarn,815,54.5783267060343,-7.85490282295212,https://www.logainm.ie/en/14257,
265,14258,Glasskeeragh,townland,Tirhugh,52,unknown,Templecarn,1372543,Donegal,100013,Tirhugh,52,Templecarn,815,54.56511883459346,-7.99521897445249,https://www.logainm.ie/en/14258,
266,14259,Inishgoosk,townland,Tirhugh,52,unknown,Templecarn,1372543,Donegal,100013,Tirhugh,52,Templecarn,815,54.5783267060343,-7.85490282295212,https://www.logainm.ie/en/14259,
267,14260,Loughfad,townland,Tirhugh,52,unknown,Templecarn,1372543,Donegal,100013,Tirhugh,52,Templecarn,815,54.58703410343956,-7.914732143810568,https://www.logainm.ie/en/14260,
268,14261,Loughultan,townland,Tirhugh,52,unknown,Templecarn,1372543,Donegal,100013,Tirhugh,52,Templecarn,815,54.57249647238087,-7.9065079557847655,https://www.logainm.ie/en/14261,
269,14262,Meenanellison,townland,Tirhugh,52,unknown,Templecarn,1372543,Donegal,100013,Tirhugh,52,Templecarn,815,54.61208325643336,-7.931314681448128,https://www.logainm.ie/en/14262,
270,14263,Meensheefin,townland,Tirhugh,52,unknown,Templecarn,1372543,Donegal,100013,Tirhugh,52,Templecarn,815,54.58649164576665,-7.954275645617293,https://www.logainm.ie/en/14263,
271,14264,Mulnagoad,townland,Tirhugh,52,unknown,Templecarn,1372543,Donegal,100013,Tirhugh,52,Templecarn,815,54.53829364324888,-7.866787637903221,https://www.logainm.ie/en/14264,
272,14265,Oughtcarn,townland,Tirhugh,52,unknown,Templecarn,1372543,Donegal,100013,Tirhugh,52,Templecarn,815,54.62371230848195,-7.933231884434572,https://www.logainm.ie/en/14265,
273,14266,Rushen,townland,Tirhugh,52,unknown,Templecarn,1372543,Donegal,100013,Tirhugh,52,Templecarn,815,54.55026686805061,-7.970864001130184,https://www.logainm.ie/en/14266,
274,14267,Saints Island,townland,Tirhugh,52,unknown,Templecarn,1372543,Donegal,100013,Tirhugh,52,Templecarn,815,54.5783267060343,-7.85490282295212,https://www.logainm.ie/en/14267,
275,14268,Seadavog Mountain,townland,Tirhugh,52,unknown,Templecarn,1372543,Donegal,100013,Tirhugh,52,Templecarn,815,54.60299370993821,-7.89037770565448,https://www.logainm.ie/en/14268,
276,14269,Tamur,townland,Tirhugh,52,unknown,Templecarn,1372543,Donegal,100013,Tirhugh,52,Templecarn,815,54.55922082257762,-7.951035110282822,https://www.logainm.ie/en/14269,
277,14270,Tievetooey,townland,Tirhugh,52,unknown,Templecarn,1372543,Donegal,100013,Tirhugh,52,Templecarn,815,54.63877412278135,-7.870448265753179,https://www.logainm.ie/en/14270,
278,14288,Barnesyneilly,townland,Tirhugh,52,unknown,Tullynaught,111482,Donegal,100013,Tirhugh,52,Drumhome,785,54.66651353687088,-7.948860241483583,https://www.logainm.ie/en/14288,
279,14289,Copany,townland,Tirhugh,52,unknown,Tullynaught,111482,Donegal,100013,Tirhugh,52,Drumhome,785,54.64785809344684,-8.031866089803021,https://www.logainm.ie/en/14289,
280,14290,Croaghnakern,townland,Tirhugh,52,unknown,Tullynaught,111482,Donegal,100013,Tirhugh,52,Drumhome,785,54.66802251680322,-7.919629575176964,https://www.logainm.ie/en/14290,
281,14291,Croaghnameal,townland,Tirhugh,52,unknown,Tullynaught,111482,Donegal,100013,Tirhugh,52,Drumhome,785,54.651530891557755,-7.959019619502319,https://www.logainm.ie/en/14291,
282,14292,Cuilly,townland,Tirhugh,52,unknown,Tullynaught,111482,Donegal,100013,Tirhugh,52,Drumhome,785,54.639399562879824,-8.050936908315729,https://www.logainm.ie/en/14292,
283,14293,Drumlask,townland,Tirhugh,52,unknown,Tullynaught,111482,Donegal,100013,Tirhugh,52,Drumhome,785,54.63914848779389,-8.065615275073613,https://www.logainm.ie/en/14293,
284,14294,Legacurry,townland,Tirhugh,52,unknown,Tullynaught,111482,Donegal,100013,Tirhugh,52,Drumhome,785,54.624581803896305,-8.121673603291555,https://www.logainm.ie/en/14294,
285,14295,Moyne,townland,Tirhugh,52,unknown,Tullynaught,111482,Donegal,100013,Tirhugh,52,Drumhome,785,54.63249446390411,-8.06020338795152,https://www.logainm.ie/en/14295,
286,14296,Mullans,townland,Tirhugh,52,unknown,Tullynaught,111482,Donegal,100013,Tirhugh,52,Drumhome,785,54.63445139640165,-8.070911870844332,https://www.logainm.ie/en/14296,
287,14297,Rooney's Island,townland,Tirhugh,52,unknown,Tullynaught,111482,Donegal,100013,Tirhugh,52,Drumhome,785,54.62355154317861,-8.13995394431129,https://www.logainm.ie/en/14297,
288,14298,Rossmore,townland,Tirhugh,52,unknown,Tullynaught,111482,Donegal,100013,Tirhugh,52,Drumhome,785,54.625024457811854,-8.10861043957741,https://www.logainm.ie/en/14298,
289,14299,Skreen,townland,Tirhugh,52,unknown,Tullynaught,111482,Donegal,100013,Tirhugh,52,Drumhome,785,54.643906017617454,-8.008659731350736,https://www.logainm.ie/en/14299,
290,14300,Straness,townland,Tirhugh,52,unknown,Tullynaught,111482,Donegal,100013,Tirhugh,52,Drumhome,785,54.663890239594345,-7.979409314688271,https://www.logainm.ie/en/14300,
291,14301,Tullyearl,townland,Tirhugh,52,unknown,Tullynaught,111482,Donegal,100013,Tirhugh,52,Drumhome,785,54.629242847830525,-8.112234170301221,https://www.logainm.ie/en/14301,
292,14302,Tullyleague or Tullybrook,townland,Tirhugh,52,unknown,Tullynaught,111482,Donegal,100013,Tirhugh,52,Drumhome,785,54.63070364106823,-8.081412547097738,https://www.logainm.ie/en/14302,
293,14303,Tullymornin,townland,Tirhugh,52,unknown,Tullynaught,111482,Donegal,100013,Tirhugh,52,Drumhome,785,54.63047967892829,-8.094751986284713,https://www.logainm.ie/en/14303,
